"StudyID","SampID","State","Estuary","EstType","Lat","Long","LatLongType","Lvl1EcoReg","KGzone","Cdepth","Stk30"
"4","21","BC","KOM","TDE",49.66555,-124.91283,"SPEC","7","Csb","45",22.57
"4","23","BC","KOM","TDE",49.67005,-124.93853,"SPEC","7","Csb","58.5",22.03
"4","24","BC","KOM","TDE",49.65835,-124.95398,"SPEC","7","Csb","50",17.37
"4","25","BC","KOM","TDE",49.66023,-124.9439,"SPEC","7","Csb","55",12.31
"4","27","BC","KOM","TDE",49.65865,-124.9423,"SPEC","7","Csb","45",22.04
"4","28","BC","KOM","TDE",49.66513,-124.91967,"SPEC","7","Csb","50",21.2
"4","29","BC","KOM","TDE",49.65162,-124.93242,"SPEC","7","Csb","55",56.85
"11","34","WA","PAD","EMB",48.549,-122.529,"SPEC","7","Csb","36",15.03
"11","35","WA","PAD","EMB",48.55,-122.536,"SPEC","7","Csb","38",13.22
"11","36","WA","PAD","EMB",48.55,-122.544,"SPEC","7","Csb","42",12.37
"7","88","WA","WIL","TDE",46.474,-124.028,"GEN","7","Csb","25",33.08
"7","89","WA","WIL","TDE",46.474,-124.028,"GEN","7","Csb","25",32.17
"7","90","WA","WIL","TDE",46.474,-124.028,"GEN","7","Csb","20",34.52
"1","91","OR","COO","WDE",43.3456,-124.3188,"SPEC","7","Csb","176",12.85
"1","92","OR","COO","WDE",43.3457,-124.3187,"SPEC","7","Csb","177",19.04
"1","93","OR","COO","WDE",43.3458,-124.3185,"SPEC","7","Csb","157",37.08
"1","94","OR","COO","WDE",43.3459,-124.3183,"SPEC","7","Csb","172",29.71
"1","95","OR","COO","WDE",43.3458,-124.3182,"SPEC","7","Csb","208",25.83
"1","96","OR","COO","WDE",43.3454,-124.3189,"SPEC","7","Csb","168",20.68
"1","97","OR","YAQ","TDE",44.6253,-124.0207,"SPEC","7","Csb","300",35.15
"1","98","OR","YAQ","TDE",44.6253,-124.0208,"SPEC","7","Csb","300",33.95
"1","99","OR","YAQ","TDE",44.6254,-124.021,"SPEC","7","Csb","300",31.17
"1","100","OR","YAQ","TDE",44.6254,-124.0213,"SPEC","7","Csb","300",30.19
"1","101","OR","YAQ","TDE",44.6255,-124.0215,"SPEC","7","Csb","300",31.59
"1","102","OR","YAQ","TDE",44.6256,-124.0218,"SPEC","7","Csb","300",33.1
"1","157","WA","PAD","EMB",48.5492,-122.5317,"SPEC","7","Csb","115",10.98
"1","158","WA","PAD","EMB",48.5492,-122.5319,"SPEC","7","Csb","120",14.83
"1","159","WA","PAD","EMB",48.5492,-122.5323,"SPEC","7","Csb","95",11.04
"1","160","WA","PAD","EMB",48.5492,-122.5325,"SPEC","7","Csb","115",11.33
"1","161","WA","PAD","EMB",48.5492,-122.5327,"SPEC","7","Csb","117",10.65
"1","162","WA","PAD","EMB",48.5493,-122.5331,"SPEC","7","Csb","105",15.13
"1","163","OR","COO","WDE",43.3141,-124.3193,"SPEC","7","Csb","272",58.86
"1","164","OR","COO","WDE",43.3139,-124.3192,"SPEC","7","Csb","300",25.73
"1","165","OR","COO","WDE",43.3138,-124.3191,"SPEC","7","Csb","300",19.37
"1","166","OR","COO","WDE",43.3136,-124.3191,"SPEC","7","Csb","300",23.69
"1","167","OR","COO","WDE",43.3135,-124.319,"SPEC","7","Csb","300",36.42
"1","168","OR","COO","WDE",43.3133,-124.3189,"SPEC","7","Csb","260",30.63
"1","235","CA","HUM","TDE",40.7172,-124.227,"SPEC","7","Csb","300",26.15
"1","236","CA","HUM","TDE",40.7172,-124.2268,"SPEC","7","Csb","300",28.84
"1","237","CA","HUM","TDE",40.7172,-124.2265,"SPEC","7","Csb","300",24.66
"1","238","CA","HUM","TDE",40.7173,-124.2264,"SPEC","7","Csb","300",22.79
"1","239","CA","HUM","TDE",40.7172,-124.2261,"SPEC","7","Csb","300",26.45
"1","240","CA","HUM","TDE",40.7172,-124.2259,"SPEC","7","Csb","300",22.28
"14","448","WA","PAD","EMB",48.51479,-122.52914,"SPEC","7","Csb","46",6.49
"3","571","WA","PAD","EMB",48.48658,-122.5175,"SPEC","7","Csb","54",20.76
"3","572","WA","PAD","EMB",48.48658,-122.5175,"SPEC","7","Csb","48",18.71
"3","573","WA","PAD","EMB",48.5044,-122.5263,"SPEC","7","Csb","32",18.44
"3","574","WA","PAD","EMB",48.5044,-122.5263,"SPEC","7","Csb","26",19.48
"3","575","WA","PAD","EMB",48.54827,-122.55461,"SPEC","7","Csb","70",16.98
"3","576","WA","PAD","EMB",48.54828,-122.55461,"SPEC","7","Csb","72",21.79
"3","579","WA","SAM","RD",48.57888,-122.5406,"SPEC","7","Csb","28",17.98
"3","581","WA","SAM","RD",48.59956,-122.50273,"SPEC","7","Csb","60",18.29
"3","582","WA","SAM","RD",48.59234,-122.50273,"SPEC","7","Csb","74",16.16
"3","583","WA","SKA","RD",48.35107,-122.534,"SPEC","7","Csb","62",25.05
"3","585","WA","SKA","RD",48.32825,-122.50154,"SPEC","7","Csb","64",43.5
"3","587","WA","SKA","RD",48.30213,-122.44812,"SPEC","7","Csb","56",19.32
"3","589","WA","SKA","RD",48.2777,-122.46978,"SPEC","7","Csb","70",19.5
"25","599","CA","TOM","TDE",38.11,-122.86,"GEN","11","Csb","21",72.01
"25","603","CA","TOM","TDE",38.16,-122.9,"GEN","11","Csb","21.5",19.58
"25","604","CA","TOM","TDE",38.16,-122.9,"GEN","11","Csb","27.5",9.31
"25","606","CA","TOM","TDE",38.16,-122.9,"GEN","11","Csb","21",7.33
"25","607","CA","TOM","TDE",38.16,-122.9,"GEN","11","Csb","24",17.31
"25","610","CA","BOD","EMB",38.32,-123.05,"GEN","11","Csb","20.5",31.83
"25","617","CA","TOM","TDE",38.21,-122.94,"GEN","11","Csb","25.5",26.46
"25","618","CA","TOM","TDE",38.21,-122.94,"GEN","11","Csb","23",23.14
"25","623","CA","NEW","WDE",33.61,-117.9,"GEN","11","BSk","24",40.52
"25","627","CA","NEW","WDE",33.61,-117.9,"GEN","11","BSk","20",54.24
"25","644","CA","BOD","EMB",38.32317,-123.05144,"SPEC","11","Csb","20",93.21
"25","645","CA","BOD","EMB",38.32315,-123.0516,"SPEC","11","Csb","20",14.04
"25","646","CA","BOD","EMB",38.32315,-123.0517,"SPEC","11","Csb","20",102.27
"25","647","CA","BOD","EMB",38.32315,-123.05181,"SPEC","11","Csb","20",13.57
"25","652","CA","BOD","EMB",38.31245,-123.05428,"SPEC","11","Csb","20",44.45
"25","653","CA","BOD","EMB",38.31245,-123.05432,"SPEC","11","Csb","20",8.37
"18","655","BC","PRU","EMB",51.6453,-128.1193,"SPEC","7","Cfb","51.5",29.32
"18","656","BC","PRU","EMB",51.6471,-128.1204,"SPEC","7","Cfb","27",24.65
"18","657","BC","PRU","EMB",51.6466,-128.1198,"SPEC","7","Cfb","24",16.1
"18","658","BC","PRU","EMB",51.6466,-128.1191,"SPEC","7","Cfb","27.5",25.28
"18","659","BC","PRU","EMB",51.6459,-128.1194,"SPEC","7","Cfb","22",28.93
"18","660","BC","PRU","EMB",51.6453,-128.1193,"SPEC","7","Cfb","25",25.59
"18","661","BC","PRU","EMB",51.6447,-128.1198,"SPEC","7","Cfb","25",24.38
"18","665","BC","KOE","TDE",51.7803,-127.8709,"SPEC","7","Cfb","50",6.91
"18","666","BC","KOE","TDE",51.7815,-127.8657,"SPEC","7","Cfb","23",16.3
"18","667","BC","KOE","TDE",51.7802,-127.8706,"SPEC","7","Cfb","24.5",14.6
"18","668","BC","KOE","TDE",51.7793,-127.8719,"SPEC","7","Cfb","25",11.1
"18","669","BC","KOE","TDE",51.7817,-127.866,"SPEC","7","Cfb","25",14.95
"18","670","BC","KOE","TDE",51.7803,-127.8709,"SPEC","7","Cfb","30",39.34
"18","671","BC","KOE","TDE",51.7793,-127.8721,"SPEC","7","Cfb","30",16.53
"18","675","BC","TRI","EMB",51.8087,-128.2359,"SPEC","7","Cfb","59",33.2
"18","676","BC","TRI","EMB",51.8099,-128.2355,"SPEC","7","Cfb","30",25.67
"18","677","BC","TRI","EMB",51.81,-128.2347,"SPEC","7","Cfb","30",10.61
"18","678","BC","TRI","EMB",51.8094,-128.2338,"SPEC","7","Cfb","30",10.66
"18","679","BC","TRI","EMB",51.8092,-128.2352,"SPEC","7","Cfb","29",35.96
"18","680","BC","TRI","EMB",51.8087,-128.2359,"SPEC","7","Cfb","30",44.92
"18","681","BC","TRI","EMB",51.8083,-128.2365,"SPEC","7","Cfb","30",23.81
"18","685","BC","MCM","EMB",52.0614,-128.4132,"SPEC","7","Cfb","69",23.48
"18","686","BC","MCM","EMB",52.0611,-128.4134,"SPEC","7","Cfb","28.5",37.15
"18","687","BC","MCM","EMB",52.0621,-128.4139,"SPEC","7","Cfb","30",34.27
"18","688","BC","MCM","EMB",52.0615,-128.4122,"SPEC","7","Cfb","20",49.14
"18","689","BC","MCM","EMB",52.0614,-128.4126,"SPEC","7","Cfb","28",59.69
"18","690","BC","MCM","EMB",52.0614,-128.4132,"SPEC","7","Cfb","25",32.44
"18","691","BC","MCM","EMB",52.0616,-128.4137,"SPEC","7","Cfb","25",10.29
"18","695","BC","GOO","EMB",51.9228,-128.4645,"SPEC","7","Cfb","80",8.1
"18","696","BC","GOO","EMB",51.9242,-128.4619,"SPEC","7","Cfb","25",7.9
"18","697","BC","GOO","EMB",51.9227,-128.4628,"SPEC","7","Cfb","30",11.09
"18","698","BC","GOO","EMB",51.9224,-128.4663,"SPEC","7","Cfb","30",8.19
"18","699","BC","GOO","EMB",51.9239,-128.4675,"SPEC","7","Cfb","27",10.42
"18","700","BC","GOO","EMB",51.9228,-128.4645,"SPEC","7","Cfb","30",8.34
"18","701","BC","GOO","EMB",51.924,-128.4641,"SPEC","7","Cfb","30",9.33
"18","705","BC","CHO","EMB",51.6735,-128.118,"SPEC","7","Cfb","83",6.8
"18","706","BC","CHO","EMB",51.6788,-128.1148,"SPEC","7","Cfb","28",7.08
"18","707","BC","CHO","EMB",51.6726,-128.1172,"SPEC","7","Cfb","30",7.39
"18","708","BC","CHO","EMB",51.6749,-128.1237,"SPEC","7","Cfb","30",7.89
"18","709","BC","CHO","EMB",51.6745,-128.1178,"SPEC","7","Cfb","29",7.94
"18","710","BC","CHO","EMB",51.6735,-128.118,"SPEC","7","Cfb","25",9.03
"18","711","BC","CHO","EMB",51.6748,-128.1195,"SPEC","7","Cfb","29.5",8.6
"7","720","BC","TSA","EMB",49,-123.1,"GEN","7","Csb","25",19.08
"7","721","BC","TSA","EMB",49,-123.1,"GEN","7","Csb","25",17.82
"7","722","BC","TSA","EMB",49,-123.1,"GEN","7","Csb","25",13.85
"7","723","BC","SKE","TDE",54.19,-130.24,"GEN","7","Cfb","25",13.64
"7","724","BC","SKE","TDE",54.19,-130.24,"GEN","7","Cfb","20",6.75
"7","725","BC","SKE","TDE",54.19,-130.24,"GEN","7","Cfb","25",8.93
"7","726","OR","YAQ","TDE",44.61,-124.01,"GEN","7","Csb","25",49.52
"7","727","OR","YAQ","TDE",44.61,-124.01,"GEN","7","Csb","25",54.98
"7","728","OR","YAQ","TDE",44.61,-124.01,"GEN","7","Csb","25",55.04
"7","729","CA","BOD","EMB",38.32,-123.05,"GEN","11","Csb","25",8.32
"7","730","CA","BOD","EMB",38.32,-123.05,"GEN","11","Csb","25",5.72
"7","731","CA","BOD","EMB",38.32,-123.05,"GEN","11","Csb","25",5.77
"7","732","CA","SPB","TDE",37.95,-122.41,"GEN","11","Csb","25",5.43
"7","733","CA","SPB","TDE",37.95,-122.41,"GEN","11","Csb","25",2.8
"7","734","CA","SPB","TDE",37.95,-122.41,"GEN","11","Csb","25",2.46
"7","735","CA","SDB","EMB",32.7,-117.17,"GEN","11","BSk","25",8.45
"7","736","CA","SDB","EMB",32.7,-117.17,"GEN","11","BSk","25",7.62
"7","737","CA","SDB","EMB",32.7,-117.17,"GEN","11","BSk","25",14.97
"7","738","BCN","BSQ","WDE",30.42,-115.96,"GEN","11","BWh","25",20.53
"7","739","BCN","BSQ","WDE",30.42,-115.96,"GEN","11","BWh","25",19.62
"7","740","BCN","BSQ","WDE",30.42,-115.96,"GEN","11","BWh","25",21.75
"19","777","BC","PRU","EMB",51.646,-128.119,"GEN","7","Cfb","80",24.61
"19","778","BC","PRU","EMB",51.646,-128.119,"GEN","7","Cfb","74",21.55
"19","779","BC","PRU","EMB",51.646,-128.119,"GEN","7","Cfb","70",20.39
"19","780","WA","DUM","EMB",47.522,-122.508,"GEN","7","Csb","57",5.65
"19","781","WA","DUM","EMB",47.522,-122.508,"GEN","7","Csb","57",8.57
"19","782","WA","DUM","EMB",47.522,-122.508,"GEN","7","Csb","40",9.99
"19","784","WA","SVA","EMB",47.334,-122.491,"GEN","7","Csb","25",17.64
"19","785","WA","SVA","EMB",47.334,-122.491,"GEN","7","Csb","25",15.6
"19","786","OR","COO","WDE",43.3,-124.323,"GEN","7","Csb","100",50.71
"19","787","OR","COO","WDE",43.3,-124.323,"GEN","7","Csb","78",52.01
"19","788","OR","COO","WDE",43.3,-124.323,"GEN","7","Csb","100",47.55
"19","789","OR","COO","WDE",43.3112,-124.32,"GEN","7","Csb","90",38.74
"19","790","OR","COO","WDE",43.3112,-124.32,"GEN","7","Csb","105",30.26
"19","791","OR","COO","WDE",43.3112,-124.32,"GEN","7","Csb","100",52.74
"23","792","BC","CLA","EMB",49.2176,-125.9302,"GEN","7","Cfb","51",13.55
"23","793","BC","CLA","EMB",49.2176,-125.9302,"GEN","7","Cfb","30",15.46
"23","794","BC","CLA","EMB",49.2176,-125.9302,"GEN","7","Cfb","36",11.25
"23","795","BC","CLA","EMB",49.2176,-125.9302,"GEN","7","Cfb","35",14.38
"23","796","BC","CLA","EMB",49.2178,-125.9306,"SPEC","7","Cfb","31",14.55
"23","797","BC","CLA","EMB",49.2178,-125.93,"SPEC","7","Cfb","31",11.61
"23","798","BC","CLA","EMB",49.1113,-125.7698,"GEN","7","Cfb","39",14.01
"23","799","BC","CLA","EMB",49.1113,-125.7698,"GEN","7","Cfb","34",19.57
"23","800","BC","CLA","EMB",49.1113,-125.7698,"GEN","7","Cfb","43",15.48
"23","801","BC","CLA","EMB",49.1113,-125.7698,"GEN","7","Cfb","47",13.98
"23","802","BC","CLA","EMB",49.1113,-125.7698,"GEN","7","Cfb","35",14.58
"23","803","BC","CLA","EMB",49.1113,-125.7698,"GEN","7","Cfb","40",19.96
"23","804","BC","CLA","EMB",49.1392,-125.6722,"GEN","7","Cfb","30",31.03
"23","805","BC","CLA","EMB",49.1392,-125.6722,"GEN","7","Cfb","32",30.86
"23","806","BC","CLA","EMB",49.1392,-125.6722,"GEN","7","Cfb","39",30.81
"23","807","BC","CLA","EMB",49.1392,-125.6722,"GEN","7","Cfb","27",28
"23","808","BC","CLA","EMB",49.1392,-125.6722,"GEN","7","Cfb","24",21.8
"23","809","BC","CLA","EMB",49.1392,-125.6722,"GEN","7","Cfb","21",27.22
"30","836","AK","SE-AK","EMB",55.67264,-133.378,"SPEC","7","Cfb","40",93.21
"30","837","AK","SE-AK","EMB",55.7073,-133.342,"SPEC","7","Cfb","42",35.49
"30","838","AK","SE-AK","EMB",55.80692,-133.171,"SPEC","7","Cfb","68",29.34
"30","839","AK","SE-AK","EMB",55.73361,-133.29,"SPEC","7","Cfb","64",28.23
"30","840","AK","SE-AK","EMB",55.862405,-133.19072,"SPEC","7","Cfb","32",35.7
"30","841","AK","SE-AK","EMB",55.739816,-133.31202,"SPEC","7","Cfb","44",66.88
"30","842","AK","SE-AK","EMB",55.62082,-133.38664,"SPEC","7","Cfb","50",24.35
"30","843","AK","SE-AK","EMB",55.26366,-132.995,"SPEC","7","Cfb","38",83.45
"30","844","AK","SE-AK","EMB",55.19286,-132.9,"SPEC","7","Cfb","30",26.64
"30","845","AK","SE-AK","EMB",55.22962,-132.925,"SPEC","7","Cfb","34",27.31
"30","846","AK","SE-AK","EMB",55.25051,-132.883,"SPEC","7","Cfb","58",28.44
"30","847","AK","SE-AK","EMB",55.0848,-132.826,"SPEC","7","Cfb","62",105.89
"30","849","AK","SE-AK","EMB",55.155625,-132.58993,"SPEC","7","Cfb","36",19.87
"30","850","AK","SE-AK","EMB",55.49709,-133.17,"SPEC","7","Cfb","38",17.83
"30","851","AK","SE-AK","EMB",55.48442,-133.175,"SPEC","7","Cfb","32",23.26
"30","852","AK","SE-AK","EMB",55.52904,-133.147,"SPEC","7","Cfb","58",31.56
"30","853","AK","SE-AK","EMB",55.59929,-133.16,"SPEC","7","Cfb","70",78.3
"30","854","AK","SE-AK","EMB",55.344914,-133.0011,"SPEC","7","Cfb","72",23.51
"30","855","AK","SE-AK","EMB",55.5535,-133.43139,"SPEC","7","Cfb","66",37.13
"30","856","AK","SE-AK","EMB",55.282137,-133.33403,"SPEC","7","Cfb","48",88.66
"25","993","CA","MIS","EMB",32.7894,-117.2263,"SPEC","11","BSk","20",26.64
"25","1002","CA","HUM","TDE",40.8023,-124.1798,"SPEC","7","Csb","22",30.15
"25","1004","CA","HUM","TDE",40.8019,-124.1807,"SPEC","7","Csb","34",38.35
"25","1005","CA","HUM","TDE",40.8022,-124.1808,"SPEC","7","Csb","42",38.83
"25","1006","CA","HUM","TDE",40.8023,-124.1815,"SPEC","7","Csb","50",26.4
"46","1023","CA","SPB","TDE",37.9464,-122.41946,"SPEC","11","Csb","82",22.87
"46","1024","CA","SPB","TDE",37.94484,-122.41429,"SPEC","11","Csb","54",26.62
"46","1025","CA","SPB","TDE",37.94499,-122.4144,"SPEC","11","Csb","81",22.92
"55","1115","BCN","BSQ","WDE",30.42667,-115.97639,"SPEC","11","BWh","125",7.48
"55","1116","BCN","BSQ","WDE",30.45083,-115.99528,"SPEC","11","BWh","61",21.15
"55","1117","BCN","BSQ","WDE",30.495,-115.995,"SPEC","11","BWh","166",25.17
"57","1150","BCN","BSQ","WDE",30.43833,-116.01194,"SPEC","11","BWh","70",25.07
"57","1151","BCN","BSQ","WDE",30.45,-116.01722,"SPEC","11","BWh","60",40.47
"60","1153","CA","BOD","EMB",38.31345,-123.05528,"SPEC","11","Csb","20",93.2
"60","1154","CA","BOD","EMB",38.31145,-123.05628,"SPEC","11","Csb","20",14.06
"60","1155","CA","BOD","EMB",38.32145,-123.05328,"SPEC","11","Csb","20",102.23
"60","1156","CA","BOD","EMB",38.3119,-123.05432,"SPEC","11","Csb","20",13.58
"60","1162","CA","BOD","EMB",38.31245,-123.05432,"SPEC","11","Csb","20",8.38
"65","1229","WA","PAD","EMB",48.519,-122.506,NA,"7","Csb","60",14.36
"65","1230","WA","PAD","EMB",48.519,-122.506,NA,"7","Csb","45",16.13
"65","1231","WA","PAD","EMB",48.519,-122.506,NA,"7","Csb","65",14.85
"65","1232","WA","PAD","EMB",48.519,-122.506,NA,"7","Csb","55",13.79
"76","1579","BC","COW","RD",48.76117,-123.62483,"SPEC","7","Csb","20",34.28
"76","1580","BC","COW","RD",48.7615,-123.62467,"SPEC","7","Csb","20",46.36
"76","1581","BC","COW","RD",48.762,-123.62433,"SPEC","7","Csb","20",30.79
"80","1673","CA","SDC","EMB",32.67871,-117.223,"GEN","11","BSk","100",2.21
"80","1674","CA","SDC","EMB",32.67871,-117.223,"GEN","11","BSk","100",2.04
"80","1675","CA","SDC","EMB",32.67871,-117.223,"GEN","11","BSk","150",1.87
"80","1676","CA","SDB","EMB",32.69027,-117.22727,"GEN","11","BSk","100",2.86
"80","1677","CA","SDB","EMB",32.69027,-117.22727,"GEN","11","BSk","100",2.61
"80","1678","CA","SDB","EMB",32.69027,-117.22727,"GEN","11","BSk","100",4.27
"80","1679","CA","SDB","EMB",32.70611,-117.23319,"GEN","11","BSk","100",10.84
"80","1680","CA","SDB","EMB",32.70611,-117.23319,"GEN","11","BSk","100",8.99
"80","1681","CA","SDB","EMB",32.70611,-117.23319,"GEN","11","BSk","100",7.83
"80","1682","CA","SDB","EMB",32.69195,-117.16384,"GEN","11","BSk","100",9.56
"80","1683","CA","SDB","EMB",32.69195,-117.16384,"GEN","11","BSk","100",8.8
"80","1684","CA","SDB","EMB",32.69195,-117.16384,"GEN","11","BSk","100",6.72
"80","1685","CA","SDB","EMB",32.69188,-117.16331,"GEN","11","BSk","100",5.45
"80","1686","CA","SDB","EMB",32.69188,-117.16331,"GEN","11","BSk","100",5.68
"80","1687","CA","SDB","EMB",32.69188,-117.16331,"GEN","11","BSk","100",5.48
"80","1688","CA","SDB","EMB",32.69198,-117.16286,"GEN","11","BSk","47",5.55
"80","1689","CA","SDB","EMB",32.69198,-117.16286,"GEN","11","BSk","100",6.39
"80","1690","CA","SDB","EMB",32.69198,-117.16286,"GEN","11","BSk","168",23.45
"80","1691","CA","SDB","EMB",32.67166,-117.15794,"GEN","11","BSk","100",19.73
"80","1692","CA","SDB","EMB",32.67166,-117.15794,"GEN","11","BSk","100",20.09
"80","1693","CA","SDB","EMB",32.67166,-117.15794,"GEN","11","BSk","195",16.14
"80","1694","CA","SDB","EMB",32.62014,-117.10754,"GEN","11","BSk","100",21.14
"80","1695","CA","SDB","EMB",32.62014,-117.10754,"GEN","11","BSk","100",26.4
"80","1696","CA","SDB","EMB",32.62014,-117.10754,"GEN","11","BSk","230",28.01
"80","1703","CA","SDB","EMB",32.63646,-117.13707,"GEN","11","BSk","100",13.02
"80","1704","CA","SDB","EMB",32.63646,-117.13707,"GEN","11","BSk","100",15.41
"80","1705","CA","SDB","EMB",32.63646,-117.13707,"GEN","11","BSk","100",15.47
