"StudyID","Citation (or dataset description)","Sampling design","Coring method(s)","Core compaction","C method(s)","Inorganic carbon method","LOI duration","LOI temperature","Link to study"
"1","Kauffman JB, Giovannoni L, Kelly J, Dunstan N, Borde A, Diefenderfer H, Cornu C, Janousek C, Apple J, Brophy L. 2020. Total ecosystem carbon stocks at the marine-terrestrail interface: Blue carbon of the Pacific Northwest Coast, United States. Global Change Biology 26:5679-5692.","6 cores per site, usually spaced ~20m apart on each transect","Gouge auger","Probably minimal","CHN analyzer, biomass harvests, litter bags",NA,NA,NA,"https://onlinelibrary.wiley.com/doi/full/10.1111/gcb.15248"
"3","Lutz MD. 2018. A search for blue carbon in central  Salish Sea eelgrass meadows. MS thesis, Western Washington University.","Selected sites assumed to be highly depositional in larger eelgrass patches. Pair of cores in veg and unveg patches","PVC tube, 10 cm diam","Measured","LOI and CHN (subset of samples)","Some samples measured after LOI","6-24","500","https://cedar.wwu.edu/wwuet/757/"
"4","Hodgson, C. and Spooner, A. 2016. The K'omoks and Squamish Estuaries: A Blue Carbon Pilot Project: Final Report to North American Partnership for Environmental Community Action Grant 2014-1362. Comox Valley Project Watershed Society and Squamish River Watershed Society.","3 intertidal and 3 subtidal sites (FL & SG) selected","Acrylic tubes, 11.5 cm diam","Measured, about 2 cm","CHN","IC removed from samples",NA,NA,"https://projectwatershed.ca/wp-content/uploads/2020/05/Project-Watershed_NAPECA-Final-Report-ComoxValleyEelgrass.pdf"
"7","Rohr ME, et al. 2018. Blue Carbon Storage Capacity of Temperate Eelgrass (Zostera marina) Meadows. Global Biogeochemical Cycles 32:1457-1475.","Random locations within sites","Acrylic push corer",NA,"LOI",NA,"4","520","https://agupubs.onlinelibrary.wiley.com/doi/full/10.1029/2018GB005941"
"11","Poppe KL, Rybczyk JM. 2018. Carbon sequestration in a Pacific Northwest eelgrass (Zostera marina) meadow. Northwest Science 92:80-91.",NA,NA,NA,"CN analysis, bulk density, LOI","IC removed from total C by measuring IC on ashed sampled (Poppe, pers comm)","24","500",NA
"14","Kairis PA & Rybczyk 2010. Sea level rise and eelgrass (Zostera marina) production: a spatially explicit relative elevation model for Padilla Bay, WA. Ecological Modelling 221:1005-1016.",NA,NA,NA,"LOI",NA,NA,NA,NA
"18","Prentice C, Hessing-Lewis M, Sanders-Smith R, Saolmon AK. 2019. Reduced water motion enhances organic carbon stocks in temperate eelgrass meadows. Limnology and Oceanography 64:2389-2404.","Within a SG meadow, cored at both meadow edge and interior.","PCV corer",NA,"CHN, 210-Pb",NA,NA,NA,"https://aslopubs.onlinelibrary.wiley.com/doi/abs/10.1002/lno.11191"
"19","Short, F., Hessing-Lewis, M., Prentice, C., Sanders-Smith, R., Gaeckle, J., Helms, A. (2017). Seagrass Sediment Sampling Protocol and Field Study: British Columbia, Washington and Oregon. Commission for Environmental Cooperation Research Summary.",NA,"PCV corer + vibracore",NA,"CHN, columetric %TIC, stable isotope",NA,NA,NA,NA
"23","Postlethwaite VR, McGowan AE, Kohfeld KE, Robinson CLK, Pellatt MG. 2018. Low blue carbon storage in eelgrass (Zostera marina) meadows on the Pacific Coast of Canada. PLoS ONE 13: e0198348.","Three cores per transect within a SG meadow from shallow subtidal to upper intertidal. FL reference cores outside meadows","Polycarbonate tube","Compaction was <2 cm","biomass harvests, dry bulk densities, CHN, coulometric analysis","IC determined from coulorometric analysis and subtracted from total C for OC. IC was minimal (pub)","4","550","https://journals.plos.org/plosone/article?id=10.1371/journal.pone.0198348#sec014"
"25","Ward MA, Hill TM, Souza C, Filipczyk T ,Ricart AM, Merolla S, Capece LR, O'Donnell BC, Elsmore K, Oechel WC, Beheshti KM. 2021. Blue carbon stocks and exchanges along the California coast. Biogeosceinces 18:4714-4732.","Random","PVC tube","Measured; core not used if compaction >3 cm","LOI, CHN on subset","Removed before LOI in at least some cores","4","550","https://bg.copernicus.org/articles/18/4717/2021/bg-18-4717-2021-discussion.html"
"30","Stephens and Eckert 2018. BC stocks in Alaska eelgrass beds","Two cores per site. Sites chosen on ease of access and size (large enough for 100m transect)","PVC tube","Measured","LOI for C-in and C-org",NA,NA,"450",NA
"46","Schile-Beers L et al. 2023. BC stocks and sequestration in San Francisco Bay and Kachemak Bay, AK","Haphazard selection within wetland zones","Piston corer","Apparently minimal","CHN and LOI","C analysis run 2nd time after LOI","6","500",NA
"55","Krause JR, Hinojosa-Corona A, Gray AB, Herguera JC, McDonnell J, Schaefer MV, Ying SC, Watson EB. 2022. Beyond habitat boundaries: Organic matter cycling requires a system-wide approach for accurate blue carbon accounting. Limnology and Oceanography","2 cores per EM site (from marsh interior). SG cores from intertidal beds at least 10 yr old","Russian peat borer (EM cores); Vibracore (SG)","Measured for vibracores (<1 inch all cores)","CHN&LOI","Measured and subtracted from total C (Krause, pers comm)","550","4","https://aslopubs.onlinelibrary.wiley.com/doi/10.1002/lno.12071"
"57","Cuellar-Martinez T, Ruiz Fern<U+00E1>ndez AC, Sanchez-Cabeza JA, P<U+00E9>rez-Bernal LH, Sandoval-Gil J, 2019. Relevance of carbon burial and storage in two contrasting blue carbon ecosystems of a north-east Pacific coastal lagoon. Science of the Total Environment 675:581-593.","Selected sites close to lagoon mouth and areas of aquaculture while avoiding channels, disturbed areas","PVC tube","Minimal (<2 cm for EM; not detected for SG)","LOI & CHN","Before and after carbonate dissolution with HCl treatment","550","2",NA
"60","Ricart AM, Ward M, Hill T. Effects of clam harvesting on seagrass carbon stocks, unpublished dataset.","Sampled from undisturbed meadows and from areas with clam harvesting","PVC tube","<10%","LOI","Not measured","450","4",NA
"65","Siegert and Apple. Unpublished. Carbon stocks cores from Padilla Bay seagrass",NA,NA,"Measured","LOI",NA,NA,NA,NA
"76","Douglas TJ, Schuerholz G, Juniper SK. 2022. Blue carbon storage in a northern temperate estuary subject to habitat loss and chronic habitat disturbance: Cowichan Estuary, British Columbia, Canada. Frontiers in Marine Science 9:857586","Sites chosen to be representative","Acrylic tubes, 7.6 cm diam; pits for OY","None observed","LOI, CHN","IC removed from LOI samples by ashing (950C); Carbonates removed from CN samples by acid fumigation (Douglas, pers comm)","5","550","https://www.frontiersin.org/articles/10.3389/fmars.2022.857586/full"
"80","ESA & Merkel and Associates. 2022. San Diego Bay eelgrass blue carbon study, 2021-2022. Report prepared for the San Diego Unified Port District.","Sites selected for differences in SG spp, depth, bed age","Vibracore","Measured but not accounted for","CHN (EPA 9060A)","Unknown",NA,NA,NA
