StudyID,carbon_c_is_organic,basis_note
1,unverified,"CHN analyser; inorganic carbon handling not stated in the synthesis"
3,unverified,"LOI and CHN on a subset; 'some samples measured after LOI'"
4,yes,"CHN; IC removed from samples"
7,loi_only,"LOI only (organic matter)"
11,yes,"CN analysis; IC measured on ashed samples and removed"
14,loi_only,"LOI only (organic matter)"
18,unverified,"CHN; inorganic carbon handling not stated in the synthesis"
19,unverified,"CHN and coulometric TIC listed, but whether TIC was subtracted is not stated"
23,yes,"CHN; IC by coulometry subtracted from total C"
25,unverified,"LOI, CHN on subset; IC removed 'in at least some cores'"
30,loi_only,"LOI for C-in and C-org"
46,unverified,"CHN and LOI; 'C analysis run 2nd time after LOI'"
55,yes,"CHN & LOI; IC measured and subtracted from total C"
57,yes,"LOI & CHN; before and after carbonate dissolution with HCl"
60,loi_only,"LOI; IC not measured"
65,loi_only,"LOI only (organic matter)"
76,yes,"LOI, CHN; carbonates removed from CN samples by acid fumigation"
80,unverified,"CHN (EPA 9060A); IC handling 'unknown'"
