core_id,longitude,latitude,stratum,water_depth_m,dist_to_shore_m,eelgrass_density
WWF-01-A,-123.131287,49.003354,SM,0.4,45,0
WWF-01-B,-123.135528,49.02301,SG,1.6,210,180
WWF-01-C,-123.132604,49.007912,SM,0.5,60,0
WWF-01-D,-123.134071,49.012455,SM,0.45,80,0
WWF-01-E,-123.136912,49.017286,SG,1.9,260,145
WWF-01-F,-123.139845,49.026734,SG,2.2,340,95
WWF-01-G,-123.1321,49.0056,SM,0.42,52,0
WWF-01-H,-123.1333,49.0101,SM,0.48,70,0
WWF-01-I,-123.1309,49.0093,SM,0.44,58,0
WWF-01-J,-123.1362,49.0204,SG,1.75,235,165
WWF-01-K,-123.1384,49.0249,SG,2.05,300,110
WWF-01-L,-123.135,49.0191,SG,1.68,225,172
