SampID,Estuary,State,Lat,Long,EstType,Lvl1EcoReg,KGzone,dist_km,match_esttype,match_ecoreg,match_climate,n_match,stock_MgC_ha,in_prior_set
21,KOM,BC,49.66555,-124.91283,TDE,7,Csb,150.8768702419167,FALSE,TRUE,TRUE,2,15.8,TRUE
23,KOM,BC,49.67005,-124.93853,TDE,7,Csb,152.7426105046645,FALSE,TRUE,TRUE,2,19.900000000000002,TRUE
24,KOM,BC,49.65835,-124.95398,TDE,7,Csb,153.11695956547348,FALSE,TRUE,TRUE,2,14.400000000000002,TRUE
25,KOM,BC,49.66023,-124.9439,TDE,7,Csb,152.57145320394056,FALSE,TRUE,TRUE,2,9.800000000000002,TRUE
27,KOM,BC,49.65865,-124.9423,TDE,7,Csb,152.38772301535434,FALSE,TRUE,TRUE,2,16.900000000000002,TRUE
28,KOM,BC,49.66513,-124.91967,TDE,7,Csb,151.2880047044535,FALSE,TRUE,TRUE,2,18.6,TRUE
29,KOM,BC,49.65162,-124.93242,TDE,7,Csb,151.39483226659607,FALSE,TRUE,TRUE,2,41.699999999999996,TRUE
34,PAD,WA,48.549,-122.529,EMB,7,Csb,65.49952092291814,TRUE,TRUE,TRUE,3,12.499999999999998,TRUE
35,PAD,WA,48.55,-122.536,EMB,7,Csb,65.09019818661645,TRUE,TRUE,TRUE,3,10.600000000000001,TRUE
36,PAD,WA,48.55,-122.544,EMB,7,Csb,64.72425032764288,TRUE,TRUE,TRUE,3,10.100000000000001,TRUE
88,WIL,WA,46.474,-124.028,TDE,7,Csb,290.090707562618,FALSE,TRUE,TRUE,2,28.499999999999996,TRUE
89,WIL,WA,46.474,-124.028,TDE,7,Csb,290.090707562618,FALSE,TRUE,TRUE,2,26.999999999999996,TRUE
90,WIL,WA,46.474,-124.028,TDE,7,Csb,290.090707562618,FALSE,TRUE,TRUE,2,28.999999999999996,TRUE
91,COO,OR,43.3456,-124.3188,WDE,7,Csb,636.4205846865697,FALSE,TRUE,TRUE,2,11.5,TRUE
92,COO,OR,43.3457,-124.3187,WDE,7,Csb,636.4084379842552,FALSE,TRUE,TRUE,2,17,TRUE
93,COO,OR,43.3458,-124.3185,WDE,7,Csb,636.3951536560085,FALSE,TRUE,TRUE,2,31.999999999999996,TRUE
94,COO,OR,43.3459,-124.3183,WDE,7,Csb,636.3818696237827,FALSE,TRUE,TRUE,2,23.5,TRUE
95,COO,OR,43.3458,-124.3182,WDE,7,Csb,636.3917411455571,FALSE,TRUE,TRUE,2,22,TRUE
96,COO,OR,43.3454,-124.3189,WDE,7,Csb,636.4437402913777,FALSE,TRUE,TRUE,2,17.5,TRUE
97,YAQ,OR,44.6253,-124.0207,TDE,7,Csb,492.189516300293,FALSE,TRUE,TRUE,2,30,TRUE
98,YAQ,OR,44.6253,-124.0208,TDE,7,Csb,492.19060542712197,FALSE,TRUE,TRUE,2,27.499999999999996,TRUE
99,YAQ,OR,44.6254,-124.021,TDE,7,Csb,492.18177039496004,FALSE,TRUE,TRUE,2,27,TRUE
100,YAQ,OR,44.6254,-124.0213,TDE,7,Csb,492.18503922253564,FALSE,TRUE,TRUE,2,25,TRUE
101,YAQ,OR,44.6255,-124.0215,TDE,7,Csb,492.1762055020966,FALSE,TRUE,TRUE,2,27,TRUE
102,YAQ,OR,44.6256,-124.0218,TDE,7,Csb,492.1684626801923,FALSE,TRUE,TRUE,2,28.000000000000004,TRUE
157,PAD,WA,48.5492,-122.5317,EMB,7,Csb,65.35753739023167,TRUE,TRUE,TRUE,3,9,TRUE
158,PAD,WA,48.5492,-122.5319,EMB,7,Csb,65.34831620996657,TRUE,TRUE,TRUE,3,12.5,TRUE
159,PAD,WA,48.5492,-122.5323,EMB,7,Csb,65.32987980667014,TRUE,TRUE,TRUE,3,8.5,TRUE
160,PAD,WA,48.5492,-122.5325,EMB,7,Csb,65.32066458545808,TRUE,TRUE,TRUE,3,9,TRUE
161,PAD,WA,48.5492,-122.5327,EMB,7,Csb,65.31145135214086,TRUE,TRUE,TRUE,3,8.5,TRUE
162,PAD,WA,48.5493,-122.5331,EMB,7,Csb,65.28435543152985,TRUE,TRUE,TRUE,3,14.499999999999998,TRUE
163,COO,OR,43.3141,-124.3193,WDE,7,Csb,639.8942260211273,FALSE,TRUE,TRUE,2,46,TRUE
164,COO,OR,43.3139,-124.3192,WDE,7,Csb,639.9151132708093,FALSE,TRUE,TRUE,2,23.5,TRUE
165,COO,OR,43.3138,-124.3191,WDE,7,Csb,639.9249906823678,FALSE,TRUE,TRUE,2,16,TRUE
166,COO,OR,43.3136,-124.3191,WDE,7,Csb,639.9470107137571,FALSE,TRUE,TRUE,2,19.5,TRUE
167,COO,OR,43.3135,-124.319,WDE,7,Csb,639.9568882972159,FALSE,TRUE,TRUE,2,30,TRUE
168,COO,OR,43.3133,-124.3189,WDE,7,Csb,639.9777760739065,FALSE,TRUE,TRUE,2,25.5,TRUE
235,HUM,CA,40.7172,-124.227,TDE,7,Csb,925.9660177009752,FALSE,TRUE,TRUE,2,21.499999999999996,TRUE
236,HUM,CA,40.7172,-124.2268,TDE,7,Csb,925.9645069032671,FALSE,TRUE,TRUE,2,26,TRUE
237,HUM,CA,40.7172,-124.2265,TDE,7,Csb,925.9622412017068,FALSE,TRUE,TRUE,2,20,TRUE
238,HUM,CA,40.7173,-124.2264,TDE,7,Csb,925.9504113238553,FALSE,TRUE,TRUE,2,19,TRUE
239,HUM,CA,40.7172,-124.2261,TDE,7,Csb,925.959221190281,FALSE,TRUE,TRUE,2,22.499999999999996,TRUE
240,HUM,CA,40.7172,-124.2259,TDE,7,Csb,925.9577115805723,FALSE,TRUE,TRUE,2,19.499999999999996,TRUE
448,PAD,WA,48.51479,-122.52914,EMB,7,Csb,68.49505683748023,TRUE,TRUE,TRUE,3,5.500000000000001,TRUE
571,PAD,WA,48.48658,-122.5175,EMB,7,Csb,71.52849533844727,TRUE,TRUE,TRUE,3,18.000000000000004,TRUE
572,PAD,WA,48.48658,-122.5175,EMB,7,Csb,71.52849533844727,TRUE,TRUE,TRUE,3,16.700000000000003,TRUE
573,PAD,WA,48.5044,-122.5263,EMB,7,Csb,69.54653095007242,TRUE,TRUE,TRUE,3,16.500000000000004,TRUE
574,PAD,WA,48.5044,-122.5263,EMB,7,Csb,69.54653095007242,TRUE,TRUE,TRUE,3,15.900000000000002,TRUE
575,PAD,WA,48.54827,-122.55461,EMB,7,Csb,64.39629659483239,TRUE,TRUE,TRUE,3,14.6,TRUE
576,PAD,WA,48.54828,-122.55461,EMB,7,Csb,64.39541534744747,TRUE,TRUE,TRUE,3,18.200000000000006,TRUE
579,SAM,WA,48.57888,-122.5406,RD,7,Csb,62.39432128823343,FALSE,TRUE,TRUE,2,12.4,TRUE
581,SAM,WA,48.59956,-122.50273,RD,7,Csb,62.54078387807613,FALSE,TRUE,TRUE,2,15.600000000000003,TRUE
582,SAM,WA,48.59234,-122.50273,RD,7,Csb,63.12549335015879,FALSE,TRUE,TRUE,2,13.8,TRUE
583,SKA,WA,48.35107,-122.534,RD,7,Csb,83.59307141788365,FALSE,TRUE,TRUE,2,22.300000000000004,TRUE
585,SKA,WA,48.32825,-122.50154,RD,7,Csb,86.98252504228829,FALSE,TRUE,TRUE,2,34,TRUE
587,SKA,WA,48.30213,-122.44812,RD,7,Csb,91.48480535812453,FALSE,TRUE,TRUE,2,16.400000000000002,TRUE
589,SKA,WA,48.2777,-122.46978,RD,7,Csb,93.03162347358715,FALSE,TRUE,TRUE,2,16.700000000000003,TRUE
599,TOM,CA,38.11,-122.86,TDE,11,Csb,1211.7237557124604,FALSE,FALSE,TRUE,1,61.6,FALSE
603,TOM,CA,38.16,-122.9,TDE,11,Csb,1206.1192464685685,FALSE,FALSE,TRUE,1,21.500000000000007,FALSE
604,TOM,CA,38.16,-122.9,TDE,11,Csb,1206.1192464685685,FALSE,FALSE,TRUE,1,10.499999999999998,FALSE
606,TOM,CA,38.16,-122.9,TDE,11,Csb,1206.1192464685685,FALSE,FALSE,TRUE,1,6.2,FALSE
607,TOM,CA,38.16,-122.9,TDE,11,Csb,1206.1192464685685,FALSE,FALSE,TRUE,1,14.000000000000002,FALSE
610,BOD,CA,38.32,-123.05,EMB,11,Csb,1188.2339659392246,TRUE,FALSE,TRUE,2,29.000000000000004,FALSE
617,TOM,CA,38.21,-122.94,TDE,11,Csb,1200.5229324944664,FALSE,FALSE,TRUE,1,24.099999999999998,FALSE
618,TOM,CA,38.21,-122.94,TDE,11,Csb,1200.5229324944664,FALSE,FALSE,TRUE,1,19.000000000000007,FALSE
623,NEW,CA,33.61,-117.9,WDE,11,BSk,1764.9676435487665,FALSE,FALSE,FALSE,0,30.999999999999993,FALSE
627,NEW,CA,33.61,-117.9,WDE,11,BSk,1764.9676435487665,FALSE,FALSE,FALSE,0,45.1,FALSE
644,BOD,CA,38.32317,-123.05144,EMB,11,Csb,1187.8811512361744,TRUE,FALSE,TRUE,2,78.60000000000001,FALSE
645,BOD,CA,38.32315,-123.0516,EMB,11,Csb,1187.8833393694842,TRUE,FALSE,TRUE,2,11.5,FALSE
646,BOD,CA,38.32315,-123.0517,EMB,11,Csb,1187.8833170908435,TRUE,FALSE,TRUE,2,81.89999999999999,FALSE
647,BOD,CA,38.32315,-123.05181,EMB,11,Csb,1187.8832926465611,TRUE,FALSE,TRUE,2,11.200000000000003,FALSE
652,BOD,CA,38.31245,-123.05428,EMB,11,Csb,1189.0725432447969,TRUE,FALSE,TRUE,2,42.50000000000001,FALSE
653,BOD,CA,38.31245,-123.05432,EMB,11,Csb,1189.0725349114596,TRUE,FALSE,TRUE,2,6.999999999999999,FALSE
655,PRU,BC,51.6453,-128.1193,EMB,7,Cfb,461.8180614280448,TRUE,TRUE,FALSE,2,25.899999999999995,FALSE
656,PRU,BC,51.6471,-128.1204,EMB,7,Cfb,462.00009530173344,TRUE,TRUE,FALSE,2,21.5,FALSE
657,PRU,BC,51.6466,-128.1198,EMB,7,Cfb,461.9334084267995,TRUE,TRUE,FALSE,2,14.500000000000002,FALSE
658,PRU,BC,51.6466,-128.1191,EMB,7,Cfb,461.89508795589995,TRUE,TRUE,FALSE,2,20,FALSE
659,PRU,BC,51.6459,-128.1194,EMB,7,Cfb,461.86413670171646,TRUE,TRUE,FALSE,2,23.5,FALSE
660,PRU,BC,51.6453,-128.1193,EMB,7,Cfb,461.8180614280448,TRUE,TRUE,FALSE,2,22,FALSE
661,PRU,BC,51.6447,-128.1198,EMB,7,Cfb,461.804847906279,TRUE,TRUE,FALSE,2,19.5,FALSE
665,KOE,BC,51.7803,-127.8709,TDE,7,Cfb,457.95353984737193,FALSE,TRUE,FALSE,1,6.3,FALSE
666,KOE,BC,51.7815,-127.8657,TDE,7,Cfb,457.7681216639223,FALSE,TRUE,FALSE,1,15.000000000000002,FALSE
667,KOE,BC,51.7802,-127.8706,TDE,7,Cfb,457.93062205933967,FALSE,TRUE,FALSE,1,13,FALSE
668,KOE,BC,51.7793,-127.8719,TDE,7,Cfb,457.93373089963603,FALSE,TRUE,FALSE,1,10.5,FALSE
669,KOE,BC,51.7817,-127.866,TDE,7,Cfb,457.7982584303565,FALSE,TRUE,FALSE,1,13,FALSE
670,KOE,BC,51.7803,-127.8709,TDE,7,Cfb,457.95353984737193,FALSE,TRUE,FALSE,1,28.500000000000004,FALSE
671,KOE,BC,51.7793,-127.8721,TDE,7,Cfb,457.94420134123027,FALSE,TRUE,FALSE,1,15.000000000000002,FALSE
675,TRI,BC,51.8087,-128.2359,EMB,7,Cfb,479.3342243264656,TRUE,TRUE,FALSE,2,28.9,FALSE
676,TRI,BC,51.8099,-128.2355,EMB,7,Cfb,479.3958436900612,TRUE,TRUE,FALSE,2,21.5,FALSE
677,TRI,BC,51.81,-128.2347,EMB,7,Cfb,479.35975782482984,TRUE,TRUE,FALSE,2,9.000000000000002,FALSE
678,TRI,BC,51.8094,-128.2338,EMB,7,Cfb,479.2697906938664,TRUE,TRUE,FALSE,2,9.500000000000002,FALSE
679,TRI,BC,51.8092,-128.2352,EMB,7,Cfb,479.3312141029882,TRUE,TRUE,FALSE,2,28.999999999999996,FALSE
680,TRI,BC,51.8087,-128.2359,EMB,7,Cfb,479.3342243264656,TRUE,TRUE,FALSE,2,38.00000000000001,FALSE
681,TRI,BC,51.8083,-128.2365,EMB,7,Cfb,479.3387929881092,TRUE,TRUE,FALSE,2,19.5,FALSE
685,MCM,BC,52.0614,-128.4132,EMB,7,Cfb,506.5342398846522,TRUE,TRUE,FALSE,2,21.600000000000005,FALSE
686,MCM,BC,52.0611,-128.4134,EMB,7,Cfb,506.5232609031341,TRUE,TRUE,FALSE,2,33.5,FALSE
687,MCM,BC,52.0621,-128.4139,EMB,7,Cfb,506.6209417122622,TRUE,TRUE,FALSE,2,29.5,FALSE
688,MCM,BC,52.0615,-128.4122,EMB,7,Cfb,506.4890383655948,TRUE,TRUE,FALSE,2,44,FALSE
689,MCM,BC,52.0614,-128.4126,EMB,7,Cfb,506.5028276402406,TRUE,TRUE,FALSE,2,55.50000000000001,FALSE
690,MCM,BC,52.0614,-128.4132,EMB,7,Cfb,506.5342398846522,TRUE,TRUE,FALSE,2,27.500000000000004,FALSE
691,MCM,BC,52.0616,-128.4137,EMB,7,Cfb,506.5747182250829,TRUE,TRUE,FALSE,2,9.5,FALSE
695,GOO,BC,51.9228,-128.4645,EMB,7,Cfb,499.51631478156975,TRUE,TRUE,FALSE,2,7.000000000000001,FALSE
696,GOO,BC,51.9242,-128.46190000000001,EMB,7,Cfb,499.4732151251091,TRUE,TRUE,FALSE,2,6.5,FALSE
697,GOO,BC,51.9227,-128.4628,EMB,7,Cfb,499.4180156475087,TRUE,TRUE,FALSE,2,9.000000000000002,FALSE
698,GOO,BC,51.9224,-128.4663,EMB,7,Cfb,499.58549845533446,TRUE,TRUE,FALSE,2,6.000000000000001,FALSE
699,GOO,BC,51.9239,-128.4675,EMB,7,Cfb,499.7535355431763,TRUE,TRUE,FALSE,2,8.5,FALSE
700,GOO,BC,51.9228,-128.4645,EMB,7,Cfb,499.51631478156975,TRUE,TRUE,FALSE,2,7.500000000000001,FALSE
701,GOO,BC,51.924,-128.4641,EMB,7,Cfb,499.57765017402926,TRUE,TRUE,FALSE,2,8.5,FALSE
705,CHO,BC,51.6735,-128.118,EMB,7,Cfb,463.66195844277047,TRUE,TRUE,FALSE,2,4.6,FALSE
706,CHO,BC,51.6788,-128.1148,EMB,7,Cfb,463.8491766409472,TRUE,TRUE,FALSE,2,6,FALSE
707,CHO,BC,51.6726,-128.1172,EMB,7,Cfb,463.5570371642391,TRUE,TRUE,FALSE,2,6,FALSE
708,CHO,BC,51.6749,-128.1237,EMB,7,Cfb,464.0679674042317,TRUE,TRUE,FALSE,2,7.000000000000001,FALSE
709,CHO,BC,51.6745,-128.1178,EMB,7,Cfb,463.7192165675947,TRUE,TRUE,FALSE,2,7.000000000000001,FALSE
710,CHO,BC,51.6735,-128.118,EMB,7,Cfb,463.66195844277047,TRUE,TRUE,FALSE,2,8,FALSE
711,CHO,BC,51.6748,-128.1195,EMB,7,Cfb,463.83228329443875,TRUE,TRUE,FALSE,2,7.5,FALSE
723,SKE,BC,54.19,-130.24,TDE,7,Cfb,758.1667437217383,FALSE,TRUE,FALSE,1,11,FALSE
724,SKE,BC,54.19,-130.24,TDE,7,Cfb,758.1667437217383,FALSE,TRUE,FALSE,1,6.000000000000001,FALSE
725,SKE,BC,54.19,-130.24,TDE,7,Cfb,758.1667437217383,FALSE,TRUE,FALSE,1,7.5,FALSE
726,YAQ,OR,44.61,-124.01,TDE,7,Csb,493.7591600268686,FALSE,TRUE,TRUE,2,39.5,TRUE
727,YAQ,OR,44.61,-124.01,TDE,7,Csb,493.7591600268686,FALSE,TRUE,TRUE,2,46.5,TRUE
728,YAQ,OR,44.61,-124.01,TDE,7,Csb,493.7591600268686,FALSE,TRUE,TRUE,2,45.00000000000001,TRUE
729,BOD,CA,38.32,-123.05,EMB,11,Csb,1188.2339659392246,TRUE,FALSE,TRUE,2,7.5,FALSE
730,BOD,CA,38.32,-123.05,EMB,11,Csb,1188.2339659392246,TRUE,FALSE,TRUE,2,5,FALSE
731,BOD,CA,38.32,-123.05,EMB,11,Csb,1188.2339659392246,TRUE,FALSE,TRUE,2,5.500000000000001,FALSE
732,SPB,CA,37.95,-122.41,TDE,11,Csb,1230.5914956947938,FALSE,FALSE,TRUE,1,5.5,FALSE
733,SPB,CA,37.95,-122.41,TDE,11,Csb,1230.5914956947938,FALSE,FALSE,TRUE,1,2.5,FALSE
734,SPB,CA,37.95,-122.41,TDE,11,Csb,1230.5914956947938,FALSE,FALSE,TRUE,1,2.5,FALSE
735,SDB,CA,32.7,-117.17,EMB,11,BSk,1878.857413760997,TRUE,FALSE,FALSE,1,7.000000000000001,FALSE
736,SDB,CA,32.7,-117.17,EMB,11,BSk,1878.857413760997,TRUE,FALSE,FALSE,1,6.5,FALSE
737,SDB,CA,32.7,-117.17,EMB,11,BSk,1878.857413760997,TRUE,FALSE,FALSE,1,11.5,FALSE
738,BSQ,BCN,30.42,-115.96,WDE,11,BWh,2152.4647519964765,FALSE,FALSE,FALSE,0,17,FALSE
739,BSQ,BCN,30.42,-115.96,WDE,11,BWh,2152.4647519964765,FALSE,FALSE,FALSE,0,17,FALSE
740,BSQ,BCN,30.42,-115.96,WDE,11,BWh,2152.4647519964765,FALSE,FALSE,FALSE,0,19,FALSE
777,PRU,BC,51.646,-128.119,EMB,7,Cfb,461.84900473346147,TRUE,TRUE,FALSE,2,19.8,FALSE
778,PRU,BC,51.646,-128.119,EMB,7,Cfb,461.84900473346147,TRUE,TRUE,FALSE,2,17.8,FALSE
779,PRU,BC,51.646,-128.119,EMB,7,Cfb,461.84900473346147,TRUE,TRUE,FALSE,2,17.700000000000003,FALSE
780,DUM,WA,47.522,-122.508,EMB,7,Csb,170.59902958285528,TRUE,TRUE,TRUE,3,5.200000000000001,TRUE
781,DUM,WA,47.522,-122.508,EMB,7,Csb,170.59902958285528,TRUE,TRUE,TRUE,3,7.1000000000000005,TRUE
782,DUM,WA,47.522,-122.508,EMB,7,Csb,170.59902958285528,TRUE,TRUE,TRUE,3,8.1,TRUE
784,SVA,WA,47.334,-122.491,EMB,7,Csb,191.20099675301245,TRUE,TRUE,TRUE,3,15.299999999999999,TRUE
785,SVA,WA,47.334,-122.491,EMB,7,Csb,191.20099675301245,TRUE,TRUE,TRUE,3,12.400000000000002,TRUE
786,COO,OR,43.3,-124.323,WDE,7,Csb,641.48855136975385,FALSE,TRUE,TRUE,2,37.400000000000006,TRUE
787,COO,OR,43.3,-124.323,WDE,7,Csb,641.48855136975385,FALSE,TRUE,TRUE,2,41.2,TRUE
788,COO,OR,43.3,-124.323,WDE,7,Csb,641.48855136975385,FALSE,TRUE,TRUE,2,38.00000000000001,TRUE
789,COO,OR,43.3112,-124.32,WDE,7,Csb,640.2214446403732,FALSE,TRUE,TRUE,2,33.2,TRUE
790,COO,OR,43.3112,-124.32,WDE,7,Csb,640.2214446403732,FALSE,TRUE,TRUE,2,25.6,TRUE
791,COO,OR,43.3112,-124.32,WDE,7,Csb,640.2214446403732,FALSE,TRUE,TRUE,2,43.50000000000001,TRUE
792,CLA,BC,49.2176,-125.9302,EMB,7,Cfb,207.8334875365967,TRUE,TRUE,FALSE,2,11.700000000000005,FALSE
793,CLA,BC,49.2176,-125.9302,EMB,7,Cfb,207.8334875365967,TRUE,TRUE,FALSE,2,14.000000000000004,FALSE
794,CLA,BC,49.2176,-125.9302,EMB,7,Cfb,207.8334875365967,TRUE,TRUE,FALSE,2,10.500000000000004,FALSE
795,CLA,BC,49.2176,-125.9302,EMB,7,Cfb,207.8334875365967,TRUE,TRUE,FALSE,2,12.700000000000003,FALSE
796,CLA,BC,49.2178,-125.9306,EMB,7,Cfb,207.864513597582,TRUE,TRUE,FALSE,2,13.100000000000003,FALSE
797,CLA,BC,49.2178,-125.93,EMB,7,Cfb,207.82113075479555,TRUE,TRUE,FALSE,2,10.100000000000003,FALSE
798,CLA,BC,49.1113,-125.7698,EMB,7,Cfb,195.38457196268573,TRUE,TRUE,FALSE,2,11.700000000000005,FALSE
799,CLA,BC,49.1113,-125.7698,EMB,7,Cfb,195.38457196268573,TRUE,TRUE,FALSE,2,16.400000000000006,FALSE
800,CLA,BC,49.1113,-125.7698,EMB,7,Cfb,195.38457196268573,TRUE,TRUE,FALSE,2,12.600000000000005,FALSE
801,CLA,BC,49.1113,-125.7698,EMB,7,Cfb,195.38457196268573,TRUE,TRUE,FALSE,2,11.900000000000004,FALSE
802,CLA,BC,49.1113,-125.7698,EMB,7,Cfb,195.38457196268573,TRUE,TRUE,FALSE,2,12.100000000000003,FALSE
803,CLA,BC,49.1113,-125.7698,EMB,7,Cfb,195.38457196268573,TRUE,TRUE,FALSE,2,16.900000000000002,FALSE
804,CLA,BC,49.1392,-125.6722,EMB,7,Cfb,188.45301595612622,TRUE,TRUE,FALSE,2,27.000000000000007,FALSE
805,CLA,BC,49.1392,-125.6722,EMB,7,Cfb,188.45301595612622,TRUE,TRUE,FALSE,2,26.800000000000008,FALSE
806,CLA,BC,49.1392,-125.6722,EMB,7,Cfb,188.45301595612622,TRUE,TRUE,FALSE,2,26.300000000000008,FALSE
807,CLA,BC,49.1392,-125.6722,EMB,7,Cfb,188.45301595612622,TRUE,TRUE,FALSE,2,23.600000000000005,FALSE
808,CLA,BC,49.1392,-125.6722,EMB,7,Cfb,188.45301595612622,TRUE,TRUE,FALSE,2,18.600000000000012,FALSE
809,CLA,BC,49.1392,-125.6722,EMB,7,Cfb,188.45301595612622,TRUE,TRUE,FALSE,2,24.200000000000006,FALSE
836,SE-AK,AK,55.67264,-133.378,EMB,7,Cfb,1016.6701494382463,TRUE,TRUE,FALSE,2,78,FALSE
837,SE-AK,AK,55.7073,-133.342,EMB,7,Cfb,1017.6220498402508,TRUE,TRUE,FALSE,2,29.9,FALSE
838,SE-AK,AK,55.80692,-133.171,EMB,7,Cfb,1017.4299684871859,TRUE,TRUE,FALSE,2,25.599999999999994,FALSE
839,SE-AK,AK,55.73361,-133.29,EMB,7,Cfb,1017.2304604384744,TRUE,TRUE,FALSE,2,22.3,FALSE
840,SE-AK,AK,55.862405,-133.19072,EMB,7,Cfb,1022.5943127326489,TRUE,TRUE,FALSE,2,30.300000000000004,FALSE
841,SE-AK,AK,55.739816,-133.31202,EMB,7,Cfb,1018.7088387222393,TRUE,TRUE,FALSE,2,53.600000000000016,FALSE
842,SE-AK,AK,55.62082,-133.38664,EMB,7,Cfb,1013.1863155298051,TRUE,TRUE,FALSE,2,21.000000000000004,FALSE
843,SE-AK,AK,55.26366,-132.995,EMB,7,Cfb,968.2446709388688,TRUE,TRUE,FALSE,2,69.60000000000002,FALSE
844,SE-AK,AK,55.19286,-132.9,EMB,7,Cfb,958.5057279510627,TRUE,TRUE,FALSE,2,19.7,FALSE
845,SE-AK,AK,55.22962,-132.925,EMB,7,Cfb,962.4142538985175,TRUE,TRUE,FALSE,2,23.2,FALSE
846,SE-AK,AK,55.25051,-132.883,EMB,7,Cfb,961.9909103609817,TRUE,TRUE,FALSE,2,23.599999999999998,FALSE
847,SE-AK,AK,55.0848,-132.826,EMB,7,Cfb,947.00532106006,TRUE,TRUE,FALSE,2,91.89999999999999,FALSE
849,SE-AK,AK,55.155625,-132.58993,EMB,7,Cfb,941.1435858024606,TRUE,TRUE,FALSE,2,16.7,FALSE
850,SE-AK,AK,55.49709,-133.17,EMB,7,Cfb,993.8500603723933,TRUE,TRUE,FALSE,2,14.100000000000001,FALSE
851,SE-AK,AK,55.48442,-133.175,EMB,7,Cfb,993.134084594819,TRUE,TRUE,FALSE,2,20.1,FALSE
852,SE-AK,AK,55.52904,-133.147,EMB,7,Cfb,995.1816776899134,TRUE,TRUE,FALSE,2,26.199999999999996,FALSE
853,SE-AK,AK,55.59929,-133.16,EMB,7,Cfb,1001.0834807205379,TRUE,TRUE,FALSE,2,64.4,FALSE
854,SE-AK,AK,55.344914,-133.0011,EMB,7,Cfb,974.5792187180236,TRUE,TRUE,FALSE,2,20.000000000000007,FALSE
855,SE-AK,AK,55.5535,-133.43139,EMB,7,Cfb,1010.2641414393597,TRUE,TRUE,FALSE,2,32.9,FALSE
856,SE-AK,AK,55.282137,-133.33403,EMB,7,Cfb,985.7295363682737,TRUE,TRUE,FALSE,2,73.7,FALSE
993,MIS,CA,32.7894,-117.2263,EMB,11,BSk,1867.9649368011794,TRUE,FALSE,FALSE,1,20.7,FALSE
1002,HUM,CA,40.8023,-124.1798,TDE,7,Csb,916.1894721798182,FALSE,TRUE,TRUE,2,26.299999999999997,TRUE
1004,HUM,CA,40.8019,-124.1807,TDE,7,Csb,916.2403614792634,FALSE,TRUE,TRUE,2,31.5,TRUE
1005,HUM,CA,40.8022,-124.1808,TDE,7,Csb,916.2078605428909,FALSE,TRUE,TRUE,2,32.70000000000001,TRUE
1006,HUM,CA,40.8023,-124.1815,TDE,7,Csb,916.2019047302387,FALSE,TRUE,TRUE,2,21.6,TRUE
1023,SPB,CA,37.9464,-122.41946,TDE,11,Csb,1230.9579185660152,FALSE,FALSE,TRUE,1,19.900000000000002,FALSE
1024,SPB,CA,37.94484,-122.41429,TDE,11,Csb,1231.1495163778798,FALSE,FALSE,TRUE,1,20,FALSE
1025,SPB,CA,37.94499,-122.4144,TDE,11,Csb,1231.1324605405507,FALSE,FALSE,TRUE,1,21.000000000000004,FALSE
1115,BSQ,BCN,30.42667,-115.97639,WDE,11,BWh,2151.3599328995615,FALSE,FALSE,FALSE,0,6.800000000000001,FALSE
1116,BSQ,BCN,30.45083,-115.99528,WDE,11,BWh,2148.3114860935434,FALSE,FALSE,FALSE,0,17.200000000000003,FALSE
1117,BSQ,BCN,30.495,-115.995,WDE,11,BWh,2143.556591479111,FALSE,FALSE,FALSE,0,22.400000000000002,FALSE
1150,BSQ,BCN,30.43833,-116.01194,WDE,11,BWh,2149.268456003922,FALSE,FALSE,FALSE,0,19.10000000000001,FALSE
1151,BSQ,BCN,30.45,-116.01722,WDE,11,BWh,2147.8864756320804,FALSE,FALSE,FALSE,0,33.80000000000002,FALSE
1153,BOD,CA,38.31345,-123.05528,EMB,11,Csb,1188.9611428699436,TRUE,FALSE,TRUE,2,78.60000000000001,FALSE
1154,BOD,CA,38.31145,-123.05628,EMB,11,Csb,1189.1833317705616,TRUE,FALSE,TRUE,2,11.5,FALSE
1155,BOD,CA,38.32145,-123.05328,EMB,11,Csb,1188.072003045515,TRUE,FALSE,TRUE,2,81.89999999999999,FALSE
1156,BOD,CA,38.3119,-123.05432,EMB,11,Csb,1189.1336919469522,TRUE,FALSE,TRUE,2,11.200000000000003,FALSE
1162,BOD,CA,38.31245,-123.05432,EMB,11,Csb,1189.0725349114596,TRUE,FALSE,TRUE,2,6.999999999999999,FALSE
1229,PAD,WA,48.519,-122.506,EMB,7,Csb,69.16343842965802,TRUE,TRUE,TRUE,3,12.3,TRUE
1230,PAD,WA,48.519,-122.506,EMB,7,Csb,69.16343842965802,TRUE,TRUE,TRUE,3,14.200000000000001,TRUE
1231,PAD,WA,48.519,-122.506,EMB,7,Csb,69.16343842965802,TRUE,TRUE,TRUE,3,12.499999999999996,TRUE
1232,PAD,WA,48.519,-122.506,EMB,7,Csb,69.16343842965802,TRUE,TRUE,TRUE,3,11.300000000000002,TRUE
1579,COW,BC,48.76117,-123.62483,RD,7,Csb,47.46982433460932,FALSE,TRUE,TRUE,2,28.89999999999999,TRUE
1580,COW,BC,48.7615,-123.62467,RD,7,Csb,47.43909709236084,FALSE,TRUE,TRUE,2,34.9,TRUE
1581,COW,BC,48.762,-123.62433,RD,7,Csb,47.38671292284548,FALSE,TRUE,TRUE,2,25.899999999999995,TRUE
1673,SDC,CA,32.67871,-117.223,EMB,11,BSk,1880.0106302793404,TRUE,FALSE,FALSE,1,2.5,FALSE
1674,SDC,CA,32.67871,-117.223,EMB,11,BSk,1880.0106302793404,TRUE,FALSE,FALSE,1,2.5,FALSE
1675,SDC,CA,32.67871,-117.223,EMB,11,BSk,1880.0106302793404,TRUE,FALSE,FALSE,1,2.5,FALSE
1676,SDB,CA,32.69027,-117.22727,EMB,11,BSk,1878.6677005533895,TRUE,FALSE,FALSE,1,2.5,FALSE
1677,SDB,CA,32.69027,-117.22727,EMB,11,BSk,1878.6677005533895,TRUE,FALSE,FALSE,1,2.5,FALSE
1678,SDB,CA,32.69027,-117.22727,EMB,11,BSk,1878.6677005533895,TRUE,FALSE,FALSE,1,3.4999999999999996,FALSE
1679,SDB,CA,32.70611,-117.23319,EMB,11,BSk,1876.8260914626953,TRUE,FALSE,FALSE,1,9.000000000000002,FALSE
1680,SDB,CA,32.70611,-117.23319,EMB,11,BSk,1876.8260914626953,TRUE,FALSE,FALSE,1,8,FALSE
1681,SDB,CA,32.70611,-117.23319,EMB,11,BSk,1876.8260914626953,TRUE,FALSE,FALSE,1,7.000000000000001,FALSE
1682,SDB,CA,32.69195,-117.16384,EMB,11,BSk,1879.8621883736382,TRUE,FALSE,FALSE,1,8,FALSE
1683,SDB,CA,32.69195,-117.16384,EMB,11,BSk,1879.8621883736382,TRUE,FALSE,FALSE,1,8,FALSE
1684,SDB,CA,32.69195,-117.16384,EMB,11,BSk,1879.8621883736382,TRUE,FALSE,FALSE,1,5.5,FALSE
1685,SDB,CA,32.69188,-117.16331,EMB,11,BSk,1879.8813152580437,TRUE,FALSE,FALSE,1,5,FALSE
1686,SDB,CA,32.69188,-117.16331,EMB,11,BSk,1879.8813152580437,TRUE,FALSE,FALSE,1,5.5,FALSE
1687,SDB,CA,32.69188,-117.16331,EMB,11,BSk,1879.8813152580437,TRUE,FALSE,FALSE,1,4.5,FALSE
1688,SDB,CA,32.69198,-117.16286,EMB,11,BSk,1879.8803156771098,TRUE,FALSE,FALSE,1,4.5,FALSE
1689,SDB,CA,32.69198,-117.16286,EMB,11,BSk,1879.8803156771098,TRUE,FALSE,FALSE,1,6.000000000000001,FALSE
1690,SDB,CA,32.69198,-117.16286,EMB,11,BSk,1879.8803156771098,TRUE,FALSE,FALSE,1,20,FALSE
1691,SDB,CA,32.67166,-117.15794,EMB,11,BSk,1882.18489614622,TRUE,FALSE,FALSE,1,16.5,FALSE
1692,SDB,CA,32.67166,-117.15794,EMB,11,BSk,1882.18489614622,TRUE,FALSE,FALSE,1,17,FALSE
1693,SDB,CA,32.67166,-117.15794,EMB,11,BSk,1882.18489614622,TRUE,FALSE,FALSE,1,13.5,FALSE
1694,SDB,CA,32.62014,-117.10754,EMB,11,BSk,1888.8573280421017,TRUE,FALSE,FALSE,1,17.5,FALSE
1695,SDB,CA,32.62014,-117.10754,EMB,11,BSk,1888.8573280421017,TRUE,FALSE,FALSE,1,23,FALSE
1696,SDB,CA,32.62014,-117.10754,EMB,11,BSk,1888.8573280421017,TRUE,FALSE,FALSE,1,24,FALSE
1703,SDB,CA,32.63646,-117.13707,EMB,11,BSk,1886.4465984726055,TRUE,FALSE,FALSE,1,11.5,FALSE
1704,SDB,CA,32.63646,-117.13707,EMB,11,BSk,1886.4465984726055,TRUE,FALSE,FALSE,1,12,FALSE
1705,SDB,CA,32.63646,-117.13707,EMB,11,BSk,1886.4465984726055,TRUE,FALSE,FALSE,1,12.5,FALSE
